phi_deg,q_calf_rad,motor_rel_rad,ratio,joint_peak_Nm,joint_rated_Nm,joint_vmax_rad_s,reflected_armature
44.5,-0.77667,-1.36839,-2.2599,81.36,24.86,22.242,0.06129
45.0,-0.7854,-1.3491,-2.1716,78.18,23.89,23.146,0.05659
45.5,-0.79412,-1.33049,-2.1005,75.62,23.11,23.93,0.05295
46.0,-0.80285,-1.31244,-2.0419,73.51,22.46,24.617,0.05003
46.5,-0.81158,-1.29485,-1.9927,71.74,21.92,25.225,0.04765
47.0,-0.8203,-1.27766,-1.9507,70.23,21.46,25.768,0.04566
47.5,-0.82903,-1.2608,-1.9145,68.92,21.06,26.255,0.04398
48.0,-0.83776,-1.24424,-1.8828,67.78,20.71,26.697,0.04254
48.5,-0.84648,-1.22794,-1.8549,66.78,20.4,27.098,0.04129
49.0,-0.85521,-1.21187,-1.8301,65.88,20.13,27.466,0.04019
49.5,-0.86394,-1.196,-1.8079,65.08,19.89,27.803,0.03922
50.0,-0.87266,-1.18032,-1.7879,64.36,19.67,28.115,0.03836
50.5,-0.88139,-1.1648,-1.7697,63.71,19.47,28.403,0.03758
51.0,-0.89012,-1.14943,-1.7531,63.11,19.28,28.672,0.03688
51.5,-0.89884,-1.1342,-1.7379,62.56,19.12,28.923,0.03624
52.0,-0.90757,-1.1191,-1.7239,62.06,18.96,29.158,0.03566
52.5,-0.9163,-1.10411,-1.7109,61.59,18.82,29.379,0.03513
53.0,-0.92502,-1.08924,-1.6989,61.16,18.69,29.588,0.03463
53.5,-0.93375,-1.07446,-1.6876,60.75,18.56,29.785,0.03418
54.0,-0.94248,-1.05978,-1.6771,60.38,18.45,29.972,0.03375
54.5,-0.9512,-1.04519,-1.6672,60.02,18.34,30.149,0.03336
55.0,-0.95993,-1.03068,-1.6579,59.68,18.24,30.319,0.03298
55.5,-0.96866,-1.01625,-1.6491,59.37,18.14,30.481,0.03263
56.0,-0.97738,-1.0019,-1.6407,59.07,18.05,30.636,0.0323
56.5,-0.98611,-0.98762,-1.6328,58.78,17.96,30.785,0.03199
57.0,-0.99484,-0.9734,-1.6252,58.51,17.88,30.928,0.0317
57.5,-1.00356,-0.95925,-1.618,58.25,17.8,31.066,0.03142
58.0,-1.01229,-0.94516,-1.6111,58.0,17.72,31.2,0.03115
58.5,-1.02102,-0.93113,-1.6045,57.76,17.65,31.329,0.03089
59.0,-1.02974,-0.91716,-1.5981,57.53,17.58,31.454,0.03065
59.5,-1.03847,-0.90324,-1.5919,57.31,17.51,31.575,0.03041
60.0,-1.0472,-0.88937,-1.586,57.1,17.45,31.693,0.03019
60.5,-1.05592,-0.87556,-1.5803,56.89,17.38,31.808,0.02997
61.0,-1.06465,-0.86179,-1.5747,56.69,17.32,31.92,0.02976
61.5,-1.07338,-0.84808,-1.5693,56.5,17.26,32.03,0.02955
62.0,-1.0821,-0.8344,-1.5641,56.31,17.21,32.137,0.02936
62.5,-1.09083,-0.82078,-1.559,56.13,17.15,32.241,0.02917
63.0,-1.09956,-0.80719,-1.5541,55.95,17.09,32.344,0.02898
63.5,-1.10828,-0.79365,-1.5493,55.77,17.04,32.445,0.0288
64.0,-1.11701,-0.78015,-1.5446,55.6,16.99,32.544,0.02863
64.5,-1.12574,-0.76669,-1.5399,55.44,16.94,32.641,0.02846
65.0,-1.13446,-0.75328,-1.5354,55.28,16.89,32.737,0.02829
65.5,-1.14319,-0.7399,-1.531,55.12,16.84,32.831,0.02813
66.0,-1.15192,-0.72655,-1.5267,54.96,16.79,32.924,0.02797
66.5,-1.16064,-0.71325,-1.5225,54.81,16.75,33.015,0.02782
67.0,-1.16937,-0.69998,-1.5183,54.66,16.7,33.106,0.02766
67.5,-1.1781,-0.68675,-1.5142,54.51,16.66,33.195,0.02752
68.0,-1.18682,-0.67355,-1.5102,54.37,16.61,33.283,0.02737
68.5,-1.19555,-0.66039,-1.5063,54.23,16.57,33.37,0.02723
69.0,-1.20428,-0.64726,-1.5024,54.09,16.53,33.457,0.02709
69.5,-1.213,-0.63417,-1.4986,53.95,16.48,33.542,0.02695
70.0,-1.22173,-0.62111,-1.4948,53.81,16.44,33.626,0.02681
70.5,-1.23046,-0.60808,-1.4911,53.68,16.4,33.71,0.02668
71.0,-1.23918,-0.59508,-1.4875,53.55,16.36,33.793,0.02655
71.5,-1.24791,-0.58212,-1.4838,53.42,16.32,33.875,0.02642
72.0,-1.25664,-0.56919,-1.4803,53.29,16.28,33.956,0.0263
72.5,-1.26536,-0.55628,-1.4768,53.16,16.24,34.037,0.02617
73.0,-1.27409,-0.54341,-1.4733,53.04,16.21,34.117,0.02605
73.5,-1.28282,-0.53057,-1.4699,52.92,16.17,34.197,0.02593
74.0,-1.29154,-0.51776,-1.4665,52.79,16.13,34.275,0.02581
74.5,-1.30027,-0.50497,-1.4632,52.67,16.1,34.353,0.02569
75.0,-1.309,-0.49222,-1.4599,52.56,16.06,34.431,0.02558
75.5,-1.31772,-0.47949,-1.4566,52.44,16.02,34.508,0.02546
76.0,-1.32645,-0.4668,-1.4534,52.32,15.99,34.584,0.02535
76.5,-1.33518,-0.45413,-1.4502,52.21,15.95,34.66,0.02524
77.0,-1.3439,-0.44148,-1.4471,52.1,15.92,34.735,0.02513
77.5,-1.35263,-0.42887,-1.444,51.98,15.88,34.81,0.02502
78.0,-1.36136,-0.41628,-1.4409,51.87,15.85,34.884,0.02492
78.5,-1.37008,-0.40372,-1.4379,51.77,15.82,34.957,0.02481
79.0,-1.37881,-0.39119,-1.4349,51.66,15.78,35.03,0.02471
79.5,-1.38754,-0.37868,-1.432,51.55,15.75,35.102,0.02461
80.0,-1.39626,-0.36619,-1.4291,51.45,15.72,35.174,0.02451
80.5,-1.40499,-0.35373,-1.4262,51.34,15.69,35.245,0.02441
81.0,-1.41372,-0.3413,-1.4233,51.24,15.66,35.315,0.02431
81.5,-1.42244,-0.32889,-1.4205,51.14,15.63,35.385,0.02421
82.0,-1.43117,-0.31651,-1.4177,51.04,15.6,35.454,0.02412
82.5,-1.4399,-0.30415,-1.415,50.94,15.57,35.523,0.02403
83.0,-1.44862,-0.29181,-1.4123,50.84,15.54,35.591,0.02394
83.5,-1.45735,-0.2795,-1.4097,50.75,15.51,35.658,0.02385
84.0,-1.46608,-0.26721,-1.407,50.65,15.48,35.725,0.02376
84.5,-1.4748,-0.25494,-1.4044,50.56,15.45,35.79,0.02367
85.0,-1.48353,-0.2427,-1.4019,50.47,15.42,35.856,0.02358
85.5,-1.49226,-0.23047,-1.3994,50.38,15.39,35.92,0.0235
86.0,-1.50098,-0.21827,-1.3969,50.29,15.37,35.984,0.02342
86.5,-1.50971,-0.20609,-1.3945,50.2,15.34,36.046,0.02333
87.0,-1.51844,-0.19393,-1.3921,50.11,15.31,36.108,0.02325
87.5,-1.52716,-0.1818,-1.3897,50.03,15.29,36.17,0.02318
88.0,-1.53589,-0.16968,-1.3874,49.95,15.26,36.23,0.0231
88.5,-1.54462,-0.15758,-1.3851,49.86,15.24,36.289,0.02302
89.0,-1.55334,-0.1455,-1.3829,49.78,15.21,36.348,0.02295
89.5,-1.56207,-0.13345,-1.3807,49.71,15.19,36.406,0.02288
90.0,-1.5708,-0.12141,-1.3786,49.63,15.16,36.462,0.02281
90.5,-1.57952,-0.10939,-1.3765,49.55,15.14,36.518,0.02274
91.0,-1.58825,-0.09738,-1.3744,49.48,15.12,36.573,0.02267
91.5,-1.59698,-0.0854,-1.3724,49.41,15.1,36.626,0.0226
92.0,-1.6057,-0.07343,-1.3704,49.34,15.07,36.679,0.02254
92.5,-1.61443,-0.06148,-1.3685,49.27,15.05,36.73,0.02247
93.0,-1.62316,-0.04955,-1.3666,49.2,15.03,36.78,0.02241
93.5,-1.63188,-0.03763,-1.3648,49.13,15.01,36.829,0.02235
94.0,-1.64061,-0.02572,-1.363,49.07,14.99,36.877,0.02229
94.5,-1.64934,-0.01384,-1.3613,49.01,14.97,36.924,0.02224
95.0,-1.65806,-0.00197,-1.3597,48.95,14.96,36.969,0.02218
95.5,-1.66679,0.00989,-1.358,48.89,14.94,37.013,0.02213
96.0,-1.67552,0.02174,-1.3565,48.83,14.92,37.056,0.02208
96.5,-1.68424,0.03357,-1.355,48.78,14.9,37.097,0.02203
97.0,-1.69297,0.04539,-1.3535,48.73,14.89,37.137,0.02198
97.5,-1.7017,0.05719,-1.3521,48.68,14.87,37.175,0.02194
98.0,-1.71042,0.06899,-1.3508,48.63,14.86,37.211,0.0219
98.5,-1.71915,0.08077,-1.3495,48.58,14.84,37.246,0.02186
99.0,-1.72788,0.09254,-1.3483,48.54,14.83,37.28,0.02182
99.5,-1.7366,0.1043,-1.3472,48.5,14.82,37.311,0.02178
100.0,-1.74533,0.11605,-1.3461,48.46,14.81,37.341,0.02174
100.5,-1.75406,0.12779,-1.3451,48.42,14.8,37.37,0.02171
101.0,-1.76278,0.13953,-1.3441,48.39,14.79,37.396,0.02168
101.5,-1.77151,0.15125,-1.3433,48.36,14.78,37.42,0.02165
102.0,-1.78024,0.16297,-1.3425,48.33,14.77,37.443,0.02163
102.5,-1.78896,0.17468,-1.3417,48.3,14.76,37.463,0.0216
103.0,-1.79769,0.18639,-1.3411,48.28,14.75,37.481,0.02158
103.5,-1.80642,0.19809,-1.3405,48.26,14.75,37.498,0.02156
104.0,-1.81514,0.20979,-1.34,48.24,14.74,37.512,0.02155
104.5,-1.82387,0.22148,-1.3396,48.22,14.74,37.523,0.02153
105.0,-1.8326,0.23317,-1.3392,48.21,14.73,37.533,0.02152
105.5,-1.84132,0.24485,-1.339,48.2,14.73,37.54,0.02152
106.0,-1.85005,0.25654,-1.3388,48.2,14.73,37.544,0.02151
106.5,-1.85878,0.26822,-1.3388,48.2,14.73,37.546,0.02151
107.0,-1.8675,0.2799,-1.3388,48.2,14.73,37.545,0.02151
107.5,-1.87623,0.29159,-1.3389,48.2,14.73,37.542,0.02151
108.0,-1.88496,0.30327,-1.3391,48.21,14.73,37.536,0.02152
108.5,-1.89368,0.31496,-1.3395,48.22,14.73,37.527,0.02153
109.0,-1.90241,0.32665,-1.3399,48.24,14.74,37.515,0.02154
109.5,-1.91114,0.33834,-1.3404,48.25,14.74,37.5,0.02156
110.0,-1.91986,0.35004,-1.3411,48.28,14.75,37.482,0.02158
110.5,-1.92859,0.36175,-1.3418,48.31,14.76,37.461,0.02161
111.0,-1.93732,0.37346,-1.3427,48.34,14.77,37.436,0.02163
111.5,-1.94604,0.38518,-1.3437,48.37,14.78,37.408,0.02167
112.0,-1.95477,0.39691,-1.3448,48.41,14.79,37.377,0.0217
112.5,-1.9635,0.40866,-1.3461,48.46,14.81,37.342,0.02174
113.0,-1.97222,0.42041,-1.3475,48.51,14.82,37.303,0.02179
113.5,-1.98095,0.43217,-1.349,48.56,14.84,37.261,0.02184
114.0,-1.98968,0.44395,-1.3507,48.63,14.86,37.214,0.02189
114.5,-1.9984,0.45575,-1.3525,48.69,14.88,37.164,0.02195
115.0,-2.00713,0.46756,-1.3545,48.76,14.9,37.109,0.02202
115.5,-2.01586,0.47939,-1.3567,48.84,14.92,37.05,0.02209
116.0,-2.02458,0.49124,-1.359,48.92,14.95,36.987,0.02216
116.5,-2.03331,0.50311,-1.3615,49.01,14.98,36.919,0.02224
117.0,-2.04204,0.515,-1.3642,49.11,15.01,36.847,0.02233
117.5,-2.05076,0.52692,-1.367,49.21,15.04,36.769,0.02243
118.0,-2.05949,0.53886,-1.3701,49.32,15.07,36.687,0.02253
118.5,-2.06822,0.55083,-1.3734,49.44,15.11,36.6,0.02263
119.0,-2.07694,0.56283,-1.3769,49.57,15.15,36.507,0.02275
119.5,-2.08567,0.57486,-1.3806,49.7,15.19,36.409,0.02287
120.0,-2.0944,0.58693,-1.3845,49.84,15.23,36.305,0.023
120.5,-2.10312,0.59903,-1.3887,49.99,15.28,36.195,0.02314
121.0,-2.11185,0.61116,-1.3932,50.15,15.33,36.079,0.02329
121.5,-2.12058,0.62334,-1.3979,50.32,15.38,35.958,0.02345
122.0,-2.1293,0.63556,-1.4029,50.5,15.43,35.829,0.02362
122.5,-2.13803,0.64783,-1.4082,50.7,15.49,35.694,0.0238
123.0,-2.14675,0.66014,-1.4138,50.9,15.55,35.553,0.02399
123.5,-2.15548,0.6725,-1.4198,51.11,15.62,35.404,0.02419
124.0,-2.16421,0.68492,-1.4261,51.34,15.69,35.248,0.0244
124.5,-2.17293,0.69739,-1.4327,51.58,15.76,35.084,0.02463
125.0,-2.18166,0.70993,-1.4398,51.83,15.84,34.912,0.02488
125.5,-2.19039,0.72252,-1.4472,52.1,15.92,34.732,0.02513
126.0,-2.19911,0.73518,-1.4551,52.38,16.01,34.544,0.02541
126.5,-2.20784,0.74792,-1.4635,52.68,16.1,34.347,0.0257
127.0,-2.21657,0.76073,-1.4723,53.0,16.2,34.141,0.02601
127.5,-2.22529,0.77361,-1.4816,53.34,16.3,33.925,0.02634
128.0,-2.23402,0.78659,-1.4916,53.7,16.41,33.7,0.0267
128.5,-2.24275,0.79965,-1.502,54.07,16.52,33.465,0.02707
129.0,-2.25147,0.8128,-1.5132,54.47,16.64,33.218,0.02748
129.5,-2.2602,0.82606,-1.525,54.9,16.77,32.961,0.02791
130.0,-2.26893,0.83942,-1.5375,55.35,16.91,32.692,0.02837
130.5,-2.27765,0.85289,-1.5508,55.83,17.06,32.412,0.02886
131.0,-2.28638,0.86648,-1.565,56.34,17.22,32.118,0.02939
131.5,-2.29511,0.88021,-1.5801,56.88,17.38,31.812,0.02996
132.0,-2.30383,0.89406,-1.5962,57.46,17.56,31.492,0.03057
132.5,-2.31256,0.90806,-1.6133,58.08,17.75,31.157,0.03123
133.0,-2.32129,0.92222,-1.6316,58.74,17.95,30.807,0.03195
133.5,-2.33001,0.93654,-1.6512,59.44,18.16,30.441,0.03272
134.0,-2.33874,0.95104,-1.6722,60.2,18.39,30.059,0.03356
134.5,-2.34747,0.96573,-1.6948,61.01,18.64,29.659,0.03447
135.0,-2.35619,0.98062,-1.719,61.89,18.91,29.241,0.03546
135.5,-2.36492,0.99573,-1.7452,62.83,19.2,28.802,0.03655
136.0,-2.37365,1.01108,-1.7735,63.84,19.51,28.343,0.03774
136.5,-2.38237,1.02668,-1.8041,64.95,19.85,27.862,0.03906
137.0,-2.3911,1.04257,-1.8374,66.15,20.21,27.357,0.04051
137.5,-2.39983,1.05875,-1.8737,67.45,20.61,26.826,0.04213
138.0,-2.40855,1.07527,-1.9135,68.89,21.05,26.269,0.04394
138.5,-2.41728,1.09215,-1.9572,70.46,21.53,25.682,0.04597
139.0,-2.42601,1.10943,-2.0055,72.2,22.06,25.064,0.04826
139.5,-2.43473,1.12715,-2.0591,74.13,22.65,24.411,0.05088
140.0,-2.44346,1.14537,-2.119,76.28,23.31,23.722,0.05388
140.5,-2.45219,1.16413,-2.1863,78.71,24.05,22.991,0.05736
141.0,-2.46091,1.18353,-2.2628,81.46,24.89,22.214,0.06144
141.5,-2.46964,1.20363,-2.3503,84.61,25.85,21.387,0.06629
142.0,-2.47837,1.22455,-2.4517,88.26,26.97,20.503,0.07213
142.5,-2.48709,1.24642,-2.5708,92.55,28.28,19.553,0.07931
143.0,-2.49582,1.26941,-2.7131,97.67,29.84,18.527,0.08833
143.5,-2.50455,1.29377,-2.8869,103.93,31.76,17.412,0.10001
144.0,-2.51327,1.3198,-3.1052,111.79,34.16,16.188,0.11571
144.5,-2.522,1.34796,-3.3903,122.05,37.29,14.826,0.13793
145.0,-2.53073,1.37897,-3.7841,136.23,41.62,13.283,0.17183
145.5,-2.53945,1.41401,-4.3796,157.66,48.18,11.477,0.23017
146.0,-2.54818,1.45541,-5.4539,196.34,59.99,9.216,0.35694
146.5,-2.55691,1.5092,-10.435,375.66,114.79,4.817,1.30667
